{
    "prepare_queue": {
        "installed": [],
        "uninstalled": []
    },
    "config_munge": {
        "files": {
            "res/xml/config.xml": {
                "parents": {
                    "/*": [
                        {
                            "xml": "<feature name=\"Whitelist\"><param name=\"android-package\" value=\"org.apache.cordova.whitelist.WhitelistPlugin\" /><param name=\"onload\" value=\"true\" /></feature>",
                            "count": 1
                        },
                        {
                            "xml": "<feature name=\"GoogleMaps\"><param name=\"android-package\" value=\"plugin.google.maps.GoogleMaps\" /></feature>",
                            "count": 1
                        },
                        {
                            "xml": "<feature name=\"External\"><param name=\"android-package\" value=\"plugin.google.maps.External\" /></feature>",
                            "count": 1
                        },
                        {
                            "xml": "<feature name=\"Geocoder\"><param name=\"android-package\" value=\"plugin.google.maps.MyGeocoder\" /></feature>",
                            "count": 1
                        }
                    ]
                }
            },
            "AndroidManifest.xml": {
                "parents": {
                    "/manifest/application": [
                        {
                            "xml": "<meta-data android:name=\"com.google.android.maps.v2.API_KEY\" android:value=\"AIzaSyCGIL2OyPDlD6gc09lJsVZxI-0YiYGhpo8\" />",
                            "count": 1
                        },
                        {
                            "xml": "<meta-data android:name=\"com.google.android.gms.version\" android:value=\"@integer/google_play_services_version\" />",
                            "count": 1
                        }
                    ],
                    "/manifest": [
                        {
                            "xml": "<uses-permission android:name=\"android.permission.INTERNET\" />",
                            "count": 1
                        },
                        {
                            "xml": "<uses-permission android:name=\"android.permission.ACCESS_NETWORK_STATE\" />",
                            "count": 1
                        },
                        {
                            "xml": "<uses-permission android:name=\"com.google.android.providers.gsf.permission.READ_GSERVICES\" />",
                            "count": 1
                        },
                        {
                            "xml": "<uses-permission android:name=\"android.permission.ACCESS_COARSE_LOCATION\" />",
                            "count": 1
                        },
                        {
                            "xml": "<uses-permission android:name=\"android.permission.ACCESS_FINE_LOCATION\" />",
                            "count": 1
                        },
                        {
                            "xml": "<uses-feature android:glEsVersion=\"0x00020000\" android:required=\"true\" />",
                            "count": 1
                        }
                    ]
                }
            }
        }
    },
    "installed_plugins": {
        "cordova-plugin-whitelist": {
            "PACKAGE_NAME": "com.example.myapp"
        },
        "plugin.google.maps": {
            "API_KEY_FOR_ANDROID": "AIzaSyCGIL2OyPDlD6gc09lJsVZxI-0YiYGhpo8",
            "PACKAGE_NAME": "com.example.myapp"
        }
    },
    "dependent_plugins": {},
    "modules": [
        {
            "file": "plugins/plugin.google.maps/www/googlemaps-cdv-plugin.js",
            "id": "plugin.google.maps.phonegap-googlemaps-plugin",
            "clobbers": [
                "plugin.google.maps"
            ]
        }
    ],
    "plugin_metadata": {
        "cordova-plugin-whitelist": "1.2.2",
        "plugin.google.maps": "1.3.9"
    }
}